API10,API12,API14,Well Name,Well Number,Lease Name,Operator Alias (Legacy),Operator Company Name,Operator (Reported),Operator Ticker,Field,County/Parish,DI Basin,DI Play,DI Subplay,DI Landing Zone,DI Landing Zone Source,Target Formation,Formation at Total Depth,Producing Reservoir,Elevation,Elevation Type,Ground Elevation,Measured Depth (TD),True Vertical Depth,True Vertical Depth Source,Production Type,Well Status,Producing Entity Count,Producing Entity ID,Producing Entity Type,Producing Entity Lease Number,Spud Date,Spud Date Source,Completion Date,Completion Date Source,Drill Type,Upper Perforation,Lower Perforation,Gross Perforated Interval,Gross Perforated Interval Source,Horizontal Length,DI Lateral Length,DI Lateral Length Source,Wellbore Count (API10),Completion Count (API10),Treatment Job Count (API10),First Prod Date,Last Prod Date,Months Produced,Start Date (First Treatment Job),End Date (First Treatment Job),Qualifier (First Treatment Job),Treatment Type,Frac Vendor,Stage Count (First Treatment Job),Max Injection Rate (First Treatment Job),Max Injection Pressure (First Treatment Job),Total Proppant (First Treatment Job),Total Fluid (First Treatment Job),Total Additive (First Treatment Job),Proppant Per Horizontal Foot (First Treatment Job),Proppant per Perforated Foot (First Treatment Job),Fluid per Perforated Foot (First Treatment Job),Proppant Concentration (lbs/gal) (First Treatment Job),First Test Gas Volume,First Test Oil Volume,First Test Water Volume,First Test Hours Tested,First Test Production Method,First Well Test Date,First Reported Test Type,Last Well Test Date,Last Test Type,First Test Gas Gravity,First Test Oil Gravity,First Test GOR,First Test Casing Pressure,First Test Choke Size,First Test Flowing Tubing Pressure,Prac IP BOE,Prac IP Gas Daily,Prac IP Oil Daily,Prac IP CFGED,Peak BOE,Peak BOE Month No.,Peak Gas,Peak Gas Month No.,Peak Oil,Peak Oil Month No.,Peak MMCFGE,Peak MMCFGE Month No.,Peak BOE per perforated Ft,Peak Gas per perforated Ft,Peak Oil per perforated Ft,Peak BOE per 1MM lbs proppant,Peak Gas per 1MM lbs proppant,Peak Oil per 1MM lbs proppant,Peak BOE per 1000 BBL Fluid,Peak Gas per 1000 BBL Fluid,Peak Oil per 1000 BBL Fluid,Cum BOE,Cum Gas,Cum Oil,Cum Water,Cum GOR,Cum BCFGE,Cum MMCFGE,Daily Gas,Daily Oil,Latest Gas,Latest Oil,Latest Water,Latest Yield,Last WHSIP,Latest GOR,First Month Gas,First Month Oil,First Month Water,2nd Month GOR,2nd Month Yield,First 6 BOE,First 6 Gas,First 6 Oil,First 6 Water,First 6 BOE per perforated Ft,First 6 Gas per perforated Ft,First 6 Oil per perforated Ft,First 6 BOE per 1MM lbs proppant,First 6 Gas per 1MM lbs proppant,First 6 Oil per 1MM lbs proppant,First 6 BOE per 1000 BBL Fluid,First 6 Gas per 1000 BBL Fluid,First 6 Oil per 1000 BBL Fluid,First 12 BOE,First 12 Gas,First 12 Oil,First 12 Water,First 12 MMCFGE,First 12 BOE per perforated Ft,First 12 Gas per perforated Ft,First 12 Oil per perforated Ft,First 12 BOE per 1MM lbs proppant,First 12 Gas per 1MM lbs proppant,First 12 Oil per 1MM lbs proppant,First 12 BOE per 1000 BBL Fluid,First 12 Gas per 1000 BBL Fluid,First 12 Oil per 1000 BBL Fluid,Last 12 Gas,Last 12 Oil,Last 12 Water,Last 12 Yield,Prior 12 Gas,Prior 12 Oil,Prior 12 Water,First 24 BOE,First 24 Gas,First 24 Oil,First 24 Water,First 24 MMCFGE,First 60 BOE,First 60 Gas,First 60 Oil,First 60 Water,First 60 MMCFGE,EUR Calc Date,EUR Oil (BE),EUR Oil Months (BE),EUR Oil Proxy (Y/N),EUR Oil Delta (BE),EUR Oil Delta Percent (BE),EUR Oil B-Factor (BE),EUR Oil Initial Rate (BE),EUR Oil Final Rate (BE),EUR Oil Initial Date (BE),EUR Oil End Date (BE),EUR Oil Initial Decline (BE),Oil RRR (BE),EUR Gas (BE),EUR Gas Months (BE),EUR Gas Proxy (Y/N),EUR Gas Delta (BE),EUR Gas Delta Percent (BE),EUR Gas B-Factor (BE),EUR Gas Initial Rate (BE),EUR Gas Final Rate (BE),EUR Gas Initial Date (BE),EUR Gas End Date (BE),EUR Gas Initial Decline (BE),Gas RRR (BE),EUR Oil (Full),EUR Oil Months (Full),EUR Oil B-Factor (Full),EUR Oil Initial Rate (Full),EUR Oil Final Rate (Full),EUR Oil End Date (Full),EUR Oil Initial Decline (Full),Oil RRR (Full),EUR Gas (Full),EUR Gas Months (Full),EUR Gas B-Factor (Full),EUR Gas Initial Rate (Full),EUR Gas Final Rate (Full),EUR Gas End Date (Full),EUR Gas Initial Decline (Full),Gas RRR (Full),EUR (BE) Oil per perforated Ft,EUR (BE) Gas per perforated Ft,EUR (BE) Oil per 1MM lbs proppant,EUR (BE) Gas per 1MM lbs proppant,EUR (BE) Oil per 1000 BBL Fluid,EUR (BE) Gas per 1000 BBL Fluid,EUR (Full) BOE,EUR (Full) BOE per perforated Ft,Horizontal Wellbore Length,TVDSS Mean,Percentage in Landing Zone,Toe in Landing Zone,Footage in Landing Zone,Avg Distance from Top of Zone,Avg Distance from Base of Zone,Ext Formation Thickness Mean,Has Digitized Trajectory (Y/N),Has Filing Document(s) (Y/N),Has Well Log (LAS) (Y/N),Has Well Log (Raster) (Y/N),Has Forecast (Y/N),LAS Mnemonics,Country,AAPG Geologic Province,Play Assessment Basin,State,Section,Township,Range,Quarter Quarter,District,Abstract,Block,Survey,OCS Area,PGC Area,Shallowest Perforation,Deepest Perforation,Gross Perforated Interval (Multiple Prod Entities),Oil Gatherer,Gas Gatherer,Oil Gravity,Gas Gravity,UWI,Surface Hole Latitude (WGS84),Surface Hole Longitude (WGS84),Bottom Hole Latitude (WGS84),Bottom Hole Longitude (WGS84)
2500960069,250096006900,25009600690000,EBM2 012,012,EBM2,CONTANGO RESOURCES COMPANY,CRESCENT ENERGY COMPANY,"CONTANGO RESOURCES, INC.",CRGY,ELK BASIN,CARBON (MT),BIG HORN,,,,,MADISON,MADISON,MULTIPLE,4629,KB,4618,5470,5470,REPORTED,OIL,ACTIVE,2,"105688029,105723819",MULTIPLE,MULTIPLE,1944-05-25,REPORTED,1944-08-27,STATE AGENCY,V,,,,,,,,1,1,,1986-01-01,2026-03-01,446,,,,,,,,,,,,,,,,,,,,,,,,,,,,,,,2.85,0,2.85,17100,1559.33,67,1282,341,1460,70,9.356,67,,,,,,,,,,183471.68,64102,172788,2.601391e+06,370.99,1.1008,1100.83,4.8533,13.0821,0,82,3481,,,0,0,45,1589,0,,102,0,102,3541,,,,,,,,,,205,0,205,12225,1.23,,,,,,,,,,0,1288,47906,,0,1599,53759,540,0,540,40229,3.24,1403,0,1403,57227,8.418,2026-05-13,181302.05,117,false,0,0,1.31,1003.75,0,2013-08-01,2036-01-01,0.1,8514.05,67058.83,117,false,0,0,1.47,836.86,0,2014-05-01,2036-01-01,0.5,2956.83,174516.11,117,2,200,0,2036-01-01,0.01,1728.11,66701.97,117,1.97,397,0,2036-01-01,0.02,2599.97,,,,,,,185633.105,,,,,,,,,,false,false,false,false,true,,US,BIG HORN,,MT,35,09S,23E,SWNW,,,,,(N/A),P-515,,,,MULTIPLE,MULTIPLE,,,2500960069,45.010195,-108.880599,45.010195,-108.880599
2500957104,250095710400,25009571040000,EBFR2 009,009,EBFR2,CONTANGO RESOURCES COMPANY,CRESCENT ENERGY COMPANY,"CONTANGO RESOURCES, INC.",CRGY,ELK BASIN,CARBON (MT),BIG HORN,,,,,FRONTIER,FRONTIER,FRONTIER,4557,KB EST,4544,1347,1347,REPORTED,OIL,ACTIVE,1,105681698,COM,596,1920-10-10,REPORTED,1920-11-17,STATE AGENCY,V,,,,,,,,1,1,,1983-09-01,2026-03-01,443,,,,,,,,,,,,,,,,,,,,,,,,,,,,,,,0.8387,,0.8387,5032.258,580,62,499,490,580,62,3.48,62,,,,,,,,,,30513.1,28285,25799,5197,1096.36,0.1831,183.079,2.1238,1.9372,59,33,0,559.32,,1787.88,,25,,,,157,,157,,,,,,,,,,,303,,303,,1.818,,,,,,,,,,2248,255,0,113.4342,3304,306,0,1178,,1178,,7.068,4774,0,4774,4382,28.644,2026-05-13,27199.49,89,false,0,0,2,92,0,2021-08-01,2033-09-01,0.17,1400.49,33430.8,89,false,0,0,0.27,365.44,0,2024-06-01,2033-09-01,0.04,5145.8,26348.49,89,1.92,140.83,0,2033-09-01,0.01,549.49,32450.68,89,1.99,214.11,0,2033-09-01,0.01,4165.68,,,,,,,31756.936666,,,,,,,,,,false,false,false,false,true,,US,BIG HORN,,MT,35,09S,23E,NESWSE,,,,,(N/A),P-515,,,,,,,,2500957104,45.002661,-108.871697,45.002661,-108.871697
2500921302,250092130200,25009213020000,EBET2 #390,#390,EBET2,CONTANGO RESOURCES COMPANY,CRESCENT ENERGY COMPANY,"CONTANGO RESOURCES, INC.",CRGY,ELK BASIN,CARBON (MT),BIG HORN,,,,,"EMBAR, TENSLEEP","EMBAR, TENSLEEP","EMBAR, TENSLEEP",4522.8,KB,4516,6210,5737.48,TRAJECTORY,OIL,ACTIVE,1,130091760,COM,595,2017-11-27,REPORTED,2018-02-01,STATE AGENCY,D,,,,,,,,1,1,1,2018-02-01,2026-03-01,94,2018-01-23,2018-01-23,AdditiveSummary,LINEAR GEL HC,KLX ENERGY SERVICES,,,,94277,1663.17,7045,,,,1.35,,,,,,,,,,,,,,,,83.2586,144.1034,59.2414,499551.724,2424.33,1,4496,1,1718,2,14.546,1,,,,25714.97,47689.26,18222.9,1457.66,2703.27,1032.97,78077.66,145450,53836,144900,2701.72,0.4685,468.466,53.0259,19.6267,0,279,1950,,,0,4496,1675,393,2432.48,411.1031,11937.17,21973,8275,3687,,,,126618.05,233068.51,87773.26,7177.36,13211.52,4975.44,20880.83,38891,14399,10741,125.285,,,,221483.82,412518.43,152730.78,12554.84,23383.66,8657.56,0,3051,20540,,0,4625,21558,41626.83,83231,27755,25535,249.761,67710.67,145450,43469,80690,406.264,2026-05-13,90166.66,502,false,0,0,1,1568.62,0,2018-03-01,2068-02-01,0.06,36330.66,383825.25,502,false,0,0,1.32,3871.56,0,2018-02-01,2068-02-01,0.02,238375.27,90166.66,502,1,1568.62,0,2068-02-01,0.06,36330.66,383825.25,502,1.32,3871.56,0,2068-02-01,0.02,238375.27,,,956401.46,4.07125015e+06,54213.74,230779.33,154137.535,,,,,,,,,,true,true,false,false,true,,US,BIG HORN,,MT,27,09S,23E,SENE,,,,,(N/A),P-515,,,,,,,,2500921302,45.0226177,-108.8857782,45.0176682,-108.889553
2500921270,250092127000,25009212700000,USA 35-5,35-5,USA,CONTANGO RESOURCES COMPANY,CRESCENT ENERGY COMPANY,"CONTANGO RESOURCES, INC.",CRGY,ELK BASIN,CARBON (MT),BIG HORN,,,,,FRONTIER,FRONTIER,FRONTIER,4608.3,KB EST,4597.3,2012,2011.07,TRAJECTORY,OIL,ACTIVE,1,105687467,COM,6470,2001-04-19,REPORTED,2001-09-16,STATE AGENCY,V,1778,1793,15,GROSS PERF INTERVAL,,,,1,1,,2001-09-01,2026-02-01,78,,,,,,,,,,,,,,,,,,,,,,,,,,,,,,,2.8494,17.0968,0,17096.774,330,4,676,1,287,4,1.98,4,22,45.07,19.13,,,,,,,5586,1884,5272,173,357.36,0.0335,33.516,0.8791,2.4601,0,32,0,,,0,676,0,0,,0,1011,1884,697,0,67.4,125.6,46.47,,,,,,,1607,1884,1293,0,9.642,107.13,125.6,86.2,,,,,,,0,349,8,,,,,2328,1884,2014,41,13.968,3183,1884,2869,156,19.098,2026-05-13,10817.51,306,true,0,0,1.8,32,0,2026-03-01,2051-08-01,0.04,5545.51,1884,306,true,0,0,1.8,0,0,2026-03-01,2051-08-01,0.04,0,10817.51,306,1.8,32,0,2051-08-01,0.04,5545.51,1884,306,1.8,0,0,2051-08-01,0.04,0,721.17,125.6,,,,,11131.51,742.1,,,,,,,,,true,true,false,false,true,,US,BIG HORN,,MT,35,09S,23E,SWNE,,,,,(N/A),P-515,,,,,,,,2500921270,45.0085817,-108.8718885,45.0085392,-108.8719243
2500921261,250092126100,25009212610000,HOWELL USA 34-1,34-1,HOWELL USA,CONTANGO RESOURCES COMPANY,CRESCENT ENERGY COMPANY,"CONTANGO RESOURCES, INC.",CRGY,ELK BASIN,CARBON (MT),BIG HORN,,,,,FRONTIER,FRONTIER,FRONTIER,4603,KB,4593.32,,2380,REPORTED,OIL,ACTIVE,1,105683985,COM,6358,2000-09-27,REPORTED,2000-10-01,STATE AGENCY,V,2218,2233,15,GROSS PERF INTERVAL,,,,1,1,,2000-10-01,2026-02-01,234,,,,,,,,,,,,,,,,,,,,,,,,,,,,,,,16.861,16.9667,14.0333,101166.666,1373.67,18,862,18,1230,18,8.242,18,91.58,57.47,82,,,,,,,37596.32,15596,34997,290,445.64,0.2256,225.578,2.256,5.0625,0,30,0,,,0,103,0,0,1209.03,827.112,523,612,421,0,34.87,40.8,28.07,,,,,,,573,612,471,0,3.438,38.2,40.8,31.4,,,,,,,0,802,10,,0,1398,0,6452,4032,5780,16,38.712,14295.67,5512,13377,99,85.774,2026-05-13,38984.91,295,false,0,0,1.4,347,0,2024-03-01,2050-10-01,0.5,3987.91,15596,295,true,0,0,1.8,0,0,2026-03-01,2050-09-01,0.04,0,45145.83,295,1.92,1235.91,0,2050-10-01,0.5,10148.83,15596,295,1.8,0,0,2050-09-01,0.04,0,3009.72,1039.73,,,,,47745.163333,3183.01,,,,,,,,,false,true,false,false,true,,US,BIG HORN,,MT,34,09S,23E,SWSE,,,,,(N/A),P-515,,,,,,,,2500921261,45.003074,-108.890084,45.003074,-108.890084
2500921245,250092124501,25009212450100,EBET2 340,340,EBET2,CONTANGO RESOURCES COMPANY,CRESCENT ENERGY COMPANY,"CONTANGO RESOURCES, INC.",CRGY,ELK BASIN,CARBON (MT),BIG HORN,,,,,,,,4476,KB EST,4462,6145,5871.24,TRAJECTORY,OIL,ACTIVE,,,,,1991-09-05,REPORTED,,,D,,,,,,,,2,1,,,,,,,,,,,,,,,,,,,,,,,,,,,,,,,,,,,,,,,,,,,,,,,,,,,,,,,,,,,,,,,,,,,,,,,,,,,,,,,,,,,,,,,,,,,,,,,,,,,,,,,,,,,,,,,,,,,,,,,,,,,,,,,,,,,,,,,,,,,,,,,,,,,,,,,,,,,,,,,,,,,,,,,,,,,,,,,,,true,true,false,false,false,,US,BIG HORN,,MT,33,09S,23E,NENE,,,,,,,,,,,,,,2500921245,45.0123188,-108.9063885,45.0140613,-108.9012009
2500921234,250092123400,25009212340000,EBET2 331,331,EBET2,CONTANGO RESOURCES COMPANY,CRESCENT ENERGY COMPANY,"CONTANGO RESOURCES, INC.",CRGY,ELK BASIN,CARBON (MT),BIG HORN,,,,,"EMBAR, TENSLEEP","EMBAR, TENSLEEP","EMBAR, TENSLEEP",4415,KB,4406,6070,5863.67,TRAJECTORY,OIL,ACTIVE,1,105681691,COM,595,1990-01-04,REPORTED,1990-04-09,STATE AGENCY,D,,,,,,,,1,1,,1990-07-01,2026-03-01,419,,,,,,,,,,,,,,,,,,,,,,,,,,,,,,,131.0968,0,131.0968,786580.645,5829.5,429,30122,399,4508,1,34.977,429,,,,,,,,,,624271.67,1.092502e+06,442188,36515,2470.67,3.7456,3745.63,85.8683,34.755,29733,874,69,29.39,,34019.45,0,4508,50,0,,15944,0,15944,100,,,,,,,,,,26714,0,26714,245,160.284,,,,,,,,,,91925,10522,813,114.4629,73367,8461,463,42004,0,42004,1713,252.024,103333.33,22100,99650,3535,620,2026-05-13,468168.22,171,false,0,0,2,2829.79,0,1990-07-01,2040-07-01,0.01,25980.23,1.41176088e+06,171,false,0,0,2,15061,0,2023-09-01,2040-07-01,0.29,319258.94,468168.22,171,2,2829.79,0,2040-07-01,0.01,25980.23,1.13273925e+06,171,1.99,3462,0,2040-07-01,0.01,40237.2,,,,,,,656958.095,,,,,,,,,,true,true,false,false,true,,US,BIG HORN,,MT,34,09S,23E,SENWSW,,,,,(N/A),P-515,,,,,,,,2500921234,45.004045,-108.9005,45.0054067,-108.8952779
2500921224,250092122400,25009212240000,EBET2 334,334,EBET2,CONTANGO RESOURCES COMPANY,CRESCENT ENERGY COMPANY,"CONTANGO RESOURCES, INC.",CRGY,ELK BASIN,CARBON (MT),BIG HORN,,,,,"EMBAR, TENSLEEP","EMBAR, TENSLEEP",MULTIPLE,4346,KB,4332,5898,5898,VERTICAL,OIL,ACTIVE,2,"105681692,105697110",MULTIPLE,MULTIPLE,1990-10-03,REPORTED,1990-12-28,STATE AGENCY,V,5700,5896,196,GROSS PERF INTERVAL,,,,1,1,,1990-12-01,2026-03-01,420,,,,,,,,,,,,,,,,,,,,,,,,,,,,,,,99.0645,0,99.0645,594387.096,5271,35,5276,221,5018,19,31.626,35,26.89,26.92,25.6,,,,,,,707663.38,817454,571421,111031,1430.56,4.246,4245.98,64.8722,45.3473,0,239,541,,,0,0,3151,1026,0,,16821,0,16821,5099,85.82,0,85.82,,,,,,,35521,0,35521,7300,213.126,181.23,0,181.23,,,,,,,0,1516,7737,,0,2698,5881,76280,0,76280,10192,457.68,211739.83,80645,198299,25006,1270.439,2026-05-13,603853.75,176,false,0,0,0.88,4408.53,0,1992-06-01,2040-12-01,0.01,32432.74,867917.63,176,false,0,0,1.99,4468.33,0,1993-10-01,2040-12-01,0.01,50463.62,603853.75,176,0.88,4408.53,0,2040-12-01,0.01,32432.74,867917.63,176,1.99,4468.33,0,2040-12-01,0.01,50463.62,3080.89,4428.15,,,,,748506.688333,3818.91,,,,,,,,,false,true,false,false,true,,US,BIG HORN,,MT,33,09S,23E,SENE,,,,,(N/A),P-515,,,,MULTIPLE,MULTIPLE,,,2500921224,45.010096,-108.90423,45.010096,-108.90423
2500921222,250092122200,25009212220000,ETEB2 330,330,ETEB2,CONTANGO RESOURCES COMPANY,CRESCENT ENERGY COMPANY,"CONTANGO RESOURCES, INC.",CRGY,ELK BASIN,CARBON (MT),BIG HORN,,,,,"EMBAR, TENSLEEP",TENSLEEP,MULTIPLE,4319,KB,4303,6163,5765.59,TRAJECTORY,OIL,ACTIVE,2,"105681968,105697279",MULTIPLE,MULTIPLE,1988-02-07,REPORTED,1988-07-21,STATE AGENCY,D,6000,6163,163,GROSS PERF INTERVAL,,,,1,1,,1988-08-01,2026-03-01,451,,,,,,,,,,,,,,,,,,,,,,,,,,,,,,,122.6667,0,122.6667,736000,4519.67,68,4318,248,3967,15,27.118,68,27.73,26.49,24.34,,,,,,,691606.6,697126,575419,51787,1211.51,4.1496,4149.64,51.4826,42.4946,0,254,132,,,0,0,1154,0,0,,15898,0,15898,0,97.53,0,97.53,,,,,,,36537,0,36537,0,219.222,224.15,0,224.15,,,,,,,0,2669,2325,,0,3227,2621,77413,0,77413,0,464.478,180689,0,180689,1004,1084.134,2026-05-13,599903.44,148,false,0,0,1.03,3792,0,1989-10-01,2038-08-01,0.01,24484.42,736176.31,148,false,0,0,1.99,3568.4,0,1994-11-01,2038-08-01,0.01,39050.3,599903.44,148,1.03,3792,0,2038-08-01,0.01,24484.42,736176.31,148,1.99,3568.4,0,2038-08-01,0.01,39050.3,3680.39,4516.42,,,,,722599.491666,4433.13,,,,,,,,,true,true,false,false,true,,US,BIG HORN,,MT,33,09S,23E,NESE,,,,,(N/A),P-515,,,,MULTIPLE,MULTIPLE,,,2500921222,45.006744,-108.9051283,45.0083931,-108.8985002
2500921217,250092121700,25009212170000,NWMD2 011,011,NWMD2,CONTANGO RESOURCES COMPANY,CRESCENT ENERGY COMPANY,"CONTANGO RESOURCES, INC.",CRGY,"ELK BASIN, NORTHWEST",CARBON (MT),BIG HORN,,,,,MADISON,MADISON,MADISON,4354,KB,4342,6778,6778,REPORTED,OIL,ACTIVE,1,105685167,COM,620,1987-08-03,REPORTED,1987-11-20,STATE AGENCY,V,6336,6700,364,GROSS PERF INTERVAL,,,,1,1,,1987-11-01,2026-03-01,460,,,,,,,,,,,,,,,,,,,,,,,,,,,,,,,33.3226,0,33.3226,199935.483,8348.67,19,10484,13,7758,15,50.092,19,22.94,28.8,21.31,,,,,,,1.12415304e+06,496134,1.041464e+06,1.839264e+06,476.38,6.7449,6744.918,35.7806,75.1092,47,1048,4330,22297.87,,44.85,0,1033,0,0,,10437,0,10437,0,28.67,0,28.67,,,,,,,37173.5,5829,36202,0,223.041,102.13,16.01,99.46,,,,,,,6887,8648,52329,1255.6991,6896,10184,49526,116380.33,66944,105223,365,698.282,282976.17,178897,253160,17866,1697.857,2026-05-13,1.08407463e+06,139,false,0,0,2,6063.88,0,1989-01-01,2037-11-01,0.01,42610.67,534668.75,139,false,0,0,2,1254,0,2023-07-01,2037-11-01,0.1,38534.75,1.08407463e+06,139,2,6063.88,0,2037-11-01,0.01,42610.67,511547.66,139,0.85,7571.78,0,2037-11-01,0.04,15413.65,2978.23,1405.35,,,,,1.169332573333e+06,3212.45,,,,,,,,,false,false,false,false,true,,US,BIG HORN,,MT,29,09S,23E,SWSENE,,,,,(N/A),P-515,,,,,,,,2500921217,45.022363,-108.929559,45.022363,-108.929559
2500921204,250092120400,25009212040000,EBM2 346,346,EBM2,CONTANGO RESOURCES COMPANY,CRESCENT ENERGY COMPANY,"CONTANGO RESOURCES, INC.",CRGY,ELK BASIN,CARBON (MT),BIG HORN,,,,,MADISON,MADISON,MADISON,4513,KB EST,4500,5500,5500,REPORTED,OIL,ACTIVE,1,105681720,COM,597,1985-10-09,REPORTED,1986-02-27,STATE AGENCY,V,4906,5405,499,GROSS PERF INTERVAL,,,,1,1,,1986-02-01,2026-03-01,477,,,,,,,,,,,,,,,,,,,,,,,,,,,,,,,640.6452,0,640.6452,3.843870967e+06,19860,2,4161,34,19860,2,119.16,2,39.8,8.34,39.8,,,,,,,1.02529018e+06,338629,968852,3.6099654e+07,349.52,6.1517,6151.741,23.5748,67.45,0,817,80820,,,0,0,15652,36220,0,,54107.5,279,54061,177758,108.43,0.56,108.34,,,,,,,70668.5,5121,69815,369679,424.011,141.62,10.26,139.91,,,,,,,0,9836,951591,,0,9649,951591,151834.33,31166,146640,1.336395e+06,911.006,333810,94566,318049,5.823663e+06,2002.86,2026-05-13,996023.69,118,false,0,0,1.57,9930,0,1986-03-01,2036-02-01,0.04,27171.72,361648.94,118,false,0,0,2,1428,0,2014-05-01,2036-02-01,0.08,23019.94,996023.69,118,1.57,9930,0,2036-02-01,0.04,27171.72,349551.91,118,1.69,2641.65,0,2036-02-01,0.03,10922.89,1996.04,700.5,,,,,1.054282341666e+06,2112.79,,,,,,,,,false,false,false,false,true,,US,BIG HORN,,MT,35,09S,23E,W2SWSW,,,,,(N/A),P-515,,,,,,,,2500921204,45.001661,-108.883346,45.001661,-108.883346
2500921119,250092111900,25009211190001,EBM2 343,343,EBM2,CONTANGO RESOURCES COMPANY,CRESCENT ENERGY COMPANY,"CONTANGO RESOURCES, INC.",CRGY,ELK BASIN,CARBON (MT),BIG HORN,,,,,MADISON,MADISON,,4530,KB EST,4517,6213,6213,REPORTED,OIL,ACTIVE,,,,,1979-01-01,REPORTED,1992-03-12,STATE AGENCY,V,4406,5176,770,GROSS PERF INTERVAL,,,,1,2,,,,,,,,,,,,,,,,,,,,,,,,,,,,,,,,,,,,,,,,,,,,,,,,,,,,,,,,,,,,,,,,,,,,,,,,,,,,,,,,,,,,,,,,,,,,,,,,,,,,,,,,,,,,,,,,,,,,,,,,,,,,,,,,,,,,,,,,,,,,,,,,,,,,,,,,,,,,,,,,,,,,,,,,,,,,,,,,,false,false,false,false,false,,US,BIG HORN,,MT,35,09S,23E,NWSWSE,,,,,,,,,,,,,,2500921119,45.002393,-108.872858,45.002393,-108.872858
2500921014,250092101400,25009210140000,EBET 272,272,EBET,CONTANGO RESOURCES COMPANY,CRESCENT ENERGY COMPANY,"CONTANGO RESOURCES, INC.",CRGY,ELK BASIN,CARBON (MT),BIG HORN,,,,,"EMBAR, TENSLEEP","EMBAR, TENSLEEP","EMBAR, TENSLEEP",4850,KB,4839,6680,6680,REPORTED,OIL,ACTIVE,1,105681675,COM,595,2000-01-28,REPORTED,2000-04-06,STATE AGENCY,V,6430,6625,195,GROSS PERF INTERVAL,,,,1,1,,2000-06-01,2026-03-01,309,,,,,,,,,,,,,,,,,,,,,,,,,,,,,,,0,0,0,0,1170,60,3653,87,989,11,7.02,60,6,18.73,5.07,,,,,,,182786.97,327852,128145,747612,2558.45,1.0967,1096.722,35.8347,14.0064,0,406,1768,,,0,7,11,3487,,,294.67,154,269,30825,1.51,0.79,1.38,,,,,,,2546.33,1682,2266,66576,15.278,13.06,8.63,11.62,,,,,,,0,4593,36496,,0,3525,30668,8208.67,6856,7066,89724,49.252,30860.5,38115,24508,132773,185.163,2026-05-13,148876.23,290,false,0,0,1.99,860.87,0,2001-04-01,2050-06-01,0.01,20731.24,398622.56,290,false,0,0,1.98,3653,0,2007-08-01,2050-06-01,0.06,70770.57,148876.23,290,1.99,860.87,0,2050-06-01,0.01,20731.24,365178.66,290,1.99,1550,0,2050-06-01,0.01,37326.66,763.47,1872.71,,,,,209739.34,1075.59,,,,,,,,,false,false,false,false,true,,US,BIG HORN,,MT,26,09S,23E,SESW,,,,,(N/A),P-515,,,,,,,,2500921014,45.016552,-108.875873,45.016552,-108.875873
2500921013,250092101300,25009210130000,EBET 271,271,EBET,CONTANGO RESOURCES COMPANY,CRESCENT ENERGY COMPANY,"CONTANGO RESOURCES, INC.",CRGY,ELK BASIN,CARBON (MT),BIG HORN,,,,,"EMBAR, TENSLEEP","EMBAR, TENSLEEP","EMBAR, TENSLEEP",4673,KB EST,4660,6533,6533,REPORTED,OIL,ACTIVE,1,105681674,COM,595,1999-10-21,REPORTED,2000-04-03,STATE AGENCY,V,6318,6473,155,GROSS PERF INTERVAL,,,,1,1,,2001-06-01,2026-03-01,297,,,,,,,,,,,,,,,,,,,,,,,,,,,,,,,59.6613,47.129,51.8065,357967.741,3069.17,63,8371,75,2171,63,18.415,63,19.8,54.01,14.01,,,,,,,330938.35,620642,227498,460707,2728.12,1.9856,1985.63,69.8764,25.6134,0,726,2059,,,0,1342,1590,2981,909.71,1099.2471,9967,8466,8556,16462,64.3,54.62,55.2,,,,,,,19650.83,18323,16597,30050,117.905,126.78,118.21,107.08,,,,,,,9536,7522,22216,788.8003,10999,8032,16124,34490.67,35548,28566,53948,206.944,67917.67,84394,53852,96894,407.506,2026-05-13,288986.5,302,false,0,0,2,1085.5,0,2020-04-01,2051-06-01,0.04,61488.49,702862.81,302,false,0,0,2,4185.5,0,2022-07-01,2051-06-01,0.5,82220.84,270327.44,302,1.63,1630.25,0,2051-06-01,0.01,42829.44,753609.81,302,1.94,4068,0,2051-06-01,0.01,132967.83,1744.05,4862,,,,,395929.075,2554.38,,,,,,,,,false,false,false,false,true,,US,BIG HORN,,MT,26,09S,23E,SWSWSE,,,,,(N/A),P-515,,,,,,,,2500921013,45.015713,-108.872301,45.015713,-108.872301
2500921011,250092101100,25009210110000,EBET 270,270,EBET,CONTANGO RESOURCES COMPANY,CRESCENT ENERGY COMPANY,"CONTANGO RESOURCES, INC.",CRGY,ELK BASIN,CARBON (MT),BIG HORN,,,,,"EMBAR, TENSLEEP","EMBAR, TENSLEEP","EMBAR, TENSLEEP",4869,KB EST,4855,6525,6096.74,TRAJECTORY,OIL,ACTIVE,1,105681673,COM,595,1968-11-06,REPORTED,1968-11-16,STATE AGENCY,D,6223,6525,302,GROSS PERF INTERVAL,,,,1,1,,1999-10-01,2026-03-01,282,,,,,,,,,,,,,,,,,,,,,,,,,,,,,,,3.9355,2.129,3.5806,23612.903,6143.83,316,35009,316,5277,19,36.863,316,20.34,115.92,17.47,,,,,,,318411.32,1.034768e+06,145950,198861,7089.88,1.9105,1910.468,124.5358,17.5653,30564,432,85,14.13,,70750,0,0,1499,594.59,1681.8182,0,0,0,1499,0,0,0,,,,,,,0,0,0,1499,0,0,0,0,,,,,,,247586,4207,5894,16.9921,195562,3755,7966,20200.67,14638,17761,72081,121.204,65860.5,68589,54429,136493,395.163,2026-05-13,173454.69,282,false,0,0,2,944,0,2019-10-01,2049-10-01,0.14,27504.69,3.05420275e+06,282,false,0,0,2,19385.83,0,2023-01-01,2049-10-01,0.01,2.01943463e+06,165030.3,282,1.99,4273.47,0,2049-10-01,0.49,19080.3,1.08672963e+06,282,1.99,2181.83,0,2049-10-01,0.01,51961.65,546.46,3598.44,,,,,346151.905,1146.2,,,,,,,,,true,true,false,false,true,,US,BIG HORN,,MT,35,09S,23E,SWNENE,,,,,(N/A),P-515,,,,,,,,2500921011,45.0122848,-108.8681302,45.0101182,-108.871377
2500921009,250092100900,25009210090000,EBET 267,267,EBET,CONTANGO RESOURCES COMPANY,CRESCENT ENERGY COMPANY,"CONTANGO RESOURCES, INC.",CRGY,ELK BASIN,CARBON (MT),BIG HORN,,,,,"EMBAR, TENSLEEP","EMBAR, TENSLEEP","EMBAR, TENSLEEP",4706,KB EST,4693,6615,6615,REPORTED,OIL,ACTIVE,1,105681672,COM,595,1999-11-03,REPORTED,2001-01-01,STATE AGENCY,V,6396,6554,158,GROSS PERF INTERVAL,,,,1,1,,2001-01-01,2026-03-01,302,,,,,,,,,,,,,,,,,,,,,,,,,,27.5,,,,,38.7321,22.8214,34.9286,232392.857,2581,91,6697,80,2046,272,15.486,91,16.34,42.39,12.95,,,,,,,385969.44,642687,278855,1.090773e+06,2304.74,2.3158,2315.817,70.882,30.7549,0,1235,10337,,,0,764,1297,7528,653.37,1530.5164,9578.67,6430,8507,34822,60.62,40.7,53.84,,,,,,,18970.67,14686,16523,53622,113.824,120.07,92.95,104.58,,,,,,,0,14213,72107,,0,12915,64971,35539,32934,30050,87458,213.234,78751.5,94353,63026,175753,472.509,2026-05-13,430529.63,297,false,0,0,1.37,1548.71,0,2023-08-01,2051-01-01,0.01,151674.64,783734.5,297,false,0,0,1.74,6697,0,2007-08-01,2051-01-01,0.04,141047.48,322001.47,297,1.99,1775.22,0,2051-01-01,0.01,43146.48,727638.44,297,1.99,3436,0,2051-01-01,0.01,84951.47,2037.98,4605.31,,,,,443274.543333,2805.54,,,,,,,,,false,false,false,false,true,,US,BIG HORN,,MT,35,09S,23E,SENENE,,,,,(N/A),P-515,,,,,,,,2500921009,45.011257,-108.864839,45.011257,-108.864839
2500921008,250092100800,25009210080000,EBET2 238,238,EBET2,CONTANGO RESOURCES COMPANY,CRESCENT ENERGY COMPANY,"CONTANGO RESOURCES, INC.",CRGY,ELK BASIN,CARBON (MT),BIG HORN,,,,,"EMBAR, TENSLEEP","EMBAR, TENSLEEP",MULTIPLE,4396,KB,4383,6078,6078,REPORTED,OIL,ACTIVE,2,"105688360,105697108",MULTIPLE,MULTIPLE,1968-04-21,REPORTED,1968-05-15,STATE AGENCY,V,5834,6012,178,GROSS PERF INTERVAL,,,,1,1,,1983-09-01,2026-03-01,511,,,,,,,,,,,,,,,,,,,,,,,,,,,,,,,67.5106,70.2258,55.8065,405064.516,3815.33,481,18914,481,3184,50,22.892,481,21.43,106.26,17.89,,,,,,,678594.69,1.100267e+06,495217,46353,2221.79,4.0716,4071.569,71.0079,31.9598,0,726,84,,,0,2121,1896,418,1258.38,794.6716,10771.17,12409,8703,3038,60.51,69.71,48.89,,,,,,,20850.67,24970,16689,6502,125.104,117.14,140.28,93.76,,,,,,,35020,8408,398,240.0914,46068,8764,281,38748.5,39297,32199,12217,232.491,99621.5,101823,82651,12487,597.729,2026-05-13,505000.66,89,false,0,0,1.99,2078.44,0,1987-10-01,2033-09-01,0.01,9783.65,1.22753725e+06,89,false,0,0,2,11689.9,0,2023-09-01,2033-09-01,0.48,127270.21,504110.38,89,1.99,2497.94,0,2033-09-01,0.01,8893.38,1.10979613e+06,89,1.99,2557.2,0,2033-09-01,0.01,9529.08,2832.08,6234.81,,,,,689076.401666,3871.22,,,,,,,,,false,false,false,false,true,,US,BIG HORN,,MT,34,09S,23E,SWSESW,,,,,(N/A),P-515,,,,MULTIPLE,MULTIPLE,,,2500921008,45.000168,-108.897396,45.000168,-108.897396
2500921002,250092100200,25009210020000,EBET2 240,240,EBET2,CONTANGO RESOURCES COMPANY,CRESCENT ENERGY COMPANY,"CONTANGO RESOURCES, INC.",CRGY,ELK BASIN,CARBON (MT),BIG HORN,,,,,"EMBAR, TENSLEEP","EMBAR, TENSLEEP",MULTIPLE,4493,KB,4480,5947,2900,REPORTED,OIL,ACTIVE,2,"105681690,105697109",MULTIPLE,MULTIPLE,1967-05-31,REPORTED,1970-10-08,STATE AGENCY,D,,,,,,,,1,1,,1974-01-01,2026-03-01,616,,,,,,,,,,,,,,,,,,,,,,,,,,,,,,,65.8154,143.75,41.8571,394892.857,9269.33,96,51476,96,3843,27,55.616,96,,,,,,,,,,441863.77,1.306655e+06,224088,756393,5830.99,2.6512,2651.183,70.4017,12.0737,0,223,192,,,0,2984,1476,7774,3434.3,291.1801,14647.83,33269,9103,42757,,,,,,,,,,33701.33,107624,15764,70742,202.208,,,,,,,,,,71594,2635,1977,36.8048,60836,2689,2161,82055.67,263248,38181,133126,492.334,167432.33,445466,93188,406804,1004.594,2026-05-13,226199.56,373,false,0,0,0.78,3233.32,0,1975-06-01,2057-05-01,0.06,2111.55,1.7883385e+06,373,false,0,0,2,6646,0,2024-03-01,2057-05-01,0.04,481683.44,226199.56,373,0.78,3233.32,0,2057-05-01,0.06,2111.55,1.31404588e+06,373,0.71,19445.33,0,2057-05-01,0.09,7390.87,,,,,,,445207.206666,,,,,,,,,,false,false,false,false,true,,US,BIG HORN,,MT,28,09S,23E,NESE,,,,,(N/A),P-515,,,,MULTIPLE,MULTIPLE,,,2500921002,45.018896,-108.906737,45.018896,-108.906737
2500905383,250090538300,25009053830000,EBET2 191,191,EBET2,CONTANGO RESOURCES COMPANY,CRESCENT ENERGY COMPANY,"CONTANGO RESOURCES, INC.",CRGY,ELK BASIN,CARBON (MT),BIG HORN,,,,,TENSLEEP,TENSLEEP,MULTIPLE,4644,KB EST,4630,6200,5918,ESTIMATED,OIL,ACTIVE,2,"105681683,105697102",MULTIPLE,MULTIPLE,,,1961-12-22,STATE AGENCY,D,5918,6200,282,GROSS PERF INTERVAL,,,,1,1,,1983-09-01,2026-03-01,457,,,,,,,,,,,,,,,,,,,,,,,,,,,,,,,40.8171,97.2258,24.6129,244903.225,4555.83,85,5098,288,3923,85,27.335,85,16.16,18.08,13.91,,,,,,,454971.12,602815,354502,1.021117e+06,1700.46,2.7298,2729.827,44.4063,26.1143,0,339,1417,,,0,1278,494,6053,3950.2,253.152,6283.67,12802,4150,38951,22.28,45.4,14.72,,,,,,,10262.67,24286,6215,77900,61.576,36.39,86.12,22.04,,,,,,,0,4636,19719,,0,3844,15339,22624.33,48284,14577,148153,135.746,97532.5,116685,78085,180148,585.195,2026-05-13,369471.63,89,false,0,0,1.31,2737,0,1987-11-01,2033-09-01,0.03,14969.63,633845.19,89,false,0,0,1.99,5107.14,0,2007-08-01,2033-09-01,0.15,31030.21,362976.97,89,1.68,2449.97,0,2033-09-01,0.01,8474.98,614732.13,89,1.99,3020.9,0,2033-09-01,0.01,11917.15,1287.15,2179.9,,,,,465432.325,1650.47,,,,,,,,,false,false,false,false,true,,US,BIG HORN,,MT,35,09S,23E,NENW,,,,,(N/A),P-515,,,,MULTIPLE,MULTIPLE,,,2500905383,45.014437,-108.87661,,
2500905382,250090538200,25009053820000,EBET2 188,188,EBET2,CONTANGO RESOURCES COMPANY,CRESCENT ENERGY COMPANY,"CONTANGO RESOURCES, INC.",CRGY,ELK BASIN,CARBON (MT),BIG HORN,,,,,"EMBAR, TENSLEEP","EMBAR, TENSLEEP","EMBAR, TENSLEEP",4770.44,KB EST,4757.44,6256,6256,REPORTED,OIL,ACTIVE,1,105681682,COM,595,1961-07-10,REPORTED,1961-09-05,STATE AGENCY,V,6096,6124,28,GROSS PERF INTERVAL,,,,1,1,,1998-06-01,2026-03-01,332,,,,,,,,,,,,,,,,,,,,,,,,,,,,,,,39.8332,29.3871,34.9355,239000,13108.33,29,6698,29,11992,29,78.65,29,468.15,239.21,428.29,,,,,,,614743.88,864779,470614,620384,1837.55,3.6885,3688.463,87.1402,47.4218,0,798,8046,,,0,1096,603,18499,841.18,1188.8035,8914.17,7165,7720,63357,318.36,255.89,275.71,,,,,,,33442.67,22162,29749,100835,200.656,1194.38,791.5,1062.46,,,,,,,7393,9822,95459,1328.554,2599,2982,49398,101471.5,62025,91134,155648,608.829,258930.17,167581,231000,181300,1553.581,2026-05-13,508739.47,266,false,0,0,1.94,9576.94,0,2000-10-01,2048-06-01,0.5,38125.46,954673.63,266,false,0,0,1.99,4284.94,0,1999-10-01,2048-06-01,0.01,89894.64,509117.91,266,1.51,7848.29,0,2048-06-01,0.14,38503.9,954673.63,266,1.99,4284.94,0,2048-06-01,0.01,89894.64,18182.78,34095.49,,,,,668230.181666,23865.36,,,,,,,,,false,false,false,false,true,,US,BIG HORN,,MT,35,09S,23E,SESENE,,,,,(N/A),P-515,,,,,,,,2500905382,45.007916,-108.863918,45.007916,-108.863918
2500905368,250090536800,25009053680000,EBET2 215A,215A,EBET2,CONTANGO RESOURCES COMPANY,CRESCENT ENERGY COMPANY,"CONTANGO RESOURCES, INC.",CRGY,ELK BASIN,CARBON (MT),BIG HORN,,,,,"EMBAR, TENSLEEP","EMBAR, TENSLEEP",MULTIPLE,4546,KB,4535,5943,5943,REPORTED,OIL,ACTIVE,2,"105688028,105697107",MULTIPLE,MULTIPLE,1966-11-11,REPORTED,1967-04-17,STATE AGENCY,V,5759,5800,41,GROSS PERF INTERVAL,,,,1,1,,1983-09-01,2026-03-01,511,,,,,,,,,,,,,,,,,,,,,,,,,,,,,,,24.8332,70.2258,13.129,149000,2927.83,271,7194,307,2194,199,17.567,271,71.41,175.46,53.51,,,,,,,627641.52,1.019043e+06,457801,709103,2225.95,3.7658,3765.849,65.9831,29.6426,0,277,1190,,,0,2121,447,2259,5348.89,186.9545,3141,11334,1252,13490,76.61,276.44,30.54,,,,,,,6061.5,23319,2175,27225,36.369,147.84,568.76,53.05,,,,,,,20183,3781,12604,187.3359,22699,3510,14322,15647.5,54855,6505,56510,93.885,50196.17,93313,34644,67364,301.177,2026-05-13,463002.63,89,false,0,0,1.99,1267,0,1985-10-01,2033-09-01,0.01,5201.62,1.0282495e+06,89,false,0,0,1.24,2707.4,0,1985-01-01,2033-09-01,0.02,9206.51,460983.91,89,1.99,894,0,2033-09-01,0.01,3182.9,1.0282495e+06,89,1.24,2707.4,0,2033-09-01,0.02,9206.51,11243.51,25079.26,,,,,632358.826666,15423.39,,,,,,,,,false,false,false,false,true,,US,BIG HORN,,MT,27,09S,23E,NENWSE,,,,,(N/A),P-515,,,,MULTIPLE,MULTIPLE,,,2500905368,45.021707,-108.88972,45.021707,-108.88972
2500905361,250090536100,25009053610000,EBET2 214,214,EBET2,CONTANGO RESOURCES COMPANY,CRESCENT ENERGY COMPANY,"CONTANGO RESOURCES, INC.",CRGY,ELK BASIN,CARBON (MT),BIG HORN,,,,,"EMBAR, TENSLEEP","EMBAR, TENSLEEP",MULTIPLE,4520,KB,4508,,6145,REPORTED,OIL,ACTIVE,2,"105681689,105697106",MULTIPLE,MULTIPLE,1966-01-01,REPORTED,1966-02-18,STATE AGENCY,D,,,,,,,,1,1,,1983-09-01,2026-03-01,510,,,,,,,,,,,,,,,,,,,,,,,,,,,,,,,94.4784,64.8065,83.6774,566870.967,4720.83,50,8821,412,4126,50,28.325,50,,,,,,,,,,1.00411693e+06,1.416666e+06,768006,75182,1844.6,6.0247,6024.702,91.7589,49.7445,0,1153,9,,,0,1958,2844,112,774.48,1291.1896,17285.83,11441,15379,641,,,,,,,,,,36501.67,24490,32420,1303,219.01,,,,,,,,,,30913,14079,638,455.4395,29006,14166,459,70715.5,40797,63916,1969,424.293,167744.5,117717,148125,2231,1006.467,2026-05-13,781804.5,89,false,0,0,1.99,3640.16,0,1984-08-01,2033-09-01,0.01,13798.49,1.56265038e+06,89,false,0,0,0.1,6125.69,0,2017-12-01,2033-09-01,0.01,145984.34,781804.5,89,1.99,3640.16,0,2033-09-01,0.01,13798.49,1.4310945e+06,89,1.99,3872.01,0,2033-09-01,0.01,14428.55,,,,,,,1.02032025e+06,,,,,,,,,,false,false,false,false,true,,US,BIG HORN,,MT,34,09S,23E,NWSESW,,,,,(N/A),P-515,,,,MULTIPLE,MULTIPLE,,,2500905361,45.002444,-108.898214,45.002444,-108.898214
2500905356,250090535600,25009053560000,EBET2 213,213,EBET2,CONTANGO RESOURCES COMPANY,CRESCENT ENERGY COMPANY,"CONTANGO RESOURCES, INC.",CRGY,ELK BASIN,CARBON (MT),BIG HORN,,,,,"EMBAR, TENSLEEP","EMBAR, TENSLEEP",MULTIPLE,4504,KB,4493,6080,6080,REPORTED,OIL,ACTIVE,2,"105681688,105697105",MULTIPLE,MULTIPLE,1965-11-25,REPORTED,1966-01-16,STATE AGENCY,V,,,,,,,,1,1,,1983-09-01,2026-03-01,508,,,,,,,,,,,,,,,,,,,,,,,,,,,,,,,45.6506,67,34.4839,273903.225,5036.83,81,7367,440,4274,81,30.221,81,,,,,,,,,,856366.21,1.069423e+06,678129,37269,1577.02,5.1382,5138.197,69.7238,44.2123,0,1448,172,,,0,2023,1171,84,1942.94,514.6846,6012.5,11223,4142,1363,,,,,,,,,,19488.33,23936,15499,2726,116.93,,,,,,,,,,2150,18997,2620,8835.814,894,13456,1288,46377.83,39215,39842,4146,278.267,126447.83,110369,108053,4763,758.687,2026-05-13,694020.94,89,false,0,0,1.98,3256.54,0,1984-04-01,2033-09-01,0.01,15891.93,1.08490625e+06,89,false,0,0,0.1,6394.97,0,2020-04-01,2033-09-01,0.04,15483.25,694020.94,89,1.98,3256.54,0,2033-09-01,0.01,15891.93,1.08720513e+06,89,2,3596.14,0,2033-09-01,0.01,17782.12,,,,,,,875221.795,,,,,,,,,,false,false,false,false,true,,US,BIG HORN,,MT,34,09S,23E,NENWSW,,,,,(N/A),P-515,,,,MULTIPLE,MULTIPLE,,,2500905356,45.006279,-108.901085,45.006279,-108.901085
2500905355,250090535500,25009053550000,EBET2 212,212,EBET2,CONTANGO RESOURCES COMPANY,CRESCENT ENERGY COMPANY,"CONTANGO RESOURCES, INC.",CRGY,ELK BASIN,CARBON (MT),BIG HORN,,,,,"EMBAR, TENSLEEP","EMBAR, TENSLEEP",MULTIPLE,4741,KB,4730,,6370,REPORTED,OIL,ACTIVE,2,"105681687,105723412",MULTIPLE,MULTIPLE,1965-10-08,REPORTED,1965-12-16,STATE AGENCY,D,6165,6291,126,GROSS PERF INTERVAL,,,,1,1,,1983-09-01,2026-03-01,508,,,,,,,,,,,,,,,,,,,,,,,,,,,,,,,38.5,73.4516,26.2581,231000,2779.33,412,8371,288,1944,114,16.676,412,22.06,66.44,15.43,,,,,,,782364.35,1.195232e+06,583159,788740,2049.58,4.6942,4694.186,78.2989,38.2024,0,817,1373,,,0,2219,893,3207,2797.3,357.4879,6657.67,13624,4387,18077,52.84,108.13,34.82,,,,,,,13158.83,27059,8649,35621,78.953,104.44,214.75,68.64,,,,,,,0,10490,15995,,0,10843,14453,20981,41508,14063,58402,125.886,68366.67,83074,54521,85792,410.2,2026-05-13,590092.56,89,false,0,0,1.99,1882,0,1984-03-01,2033-09-01,0.01,6933.55,1.31314388e+06,89,false,0,0,1.99,6452.65,0,2007-08-01,2033-09-01,0.01,117911.86,590092.56,89,1.99,1882,0,2033-09-01,0.01,6933.55,1.2046725e+06,89,1.99,2577.12,0,2033-09-01,0.01,9440.52,4683.27,9560.89,,,,,790871.31,6276.76,,,,,,,,,false,false,false,false,true,,US,BIG HORN,,MT,27,09S,23E,SENESE,,,,,(N/A),P-515,,,,MULTIPLE,MULTIPLE,,,2500905355,45.019339,-108.884578,45.019339,-108.884578
2500905084,250090508400,25009050840000,NWHEL 003,003,NWHEL,CONTANGO RESOURCES COMPANY,CRESCENT ENERGY COMPANY,"CONTANGO RESOURCES, INC.",CRGY,"ELK BASIN, NORTHWEST",CARBON (MT),BIG HORN,,,,,FRONTIER,FRONTIER,MULTIPLE,4431,KB EST,4418,3349,3349,REPORTED,OIL,ACTIVE,2,"105685161,131007420",MULTIPLE,MULTIPLE,1950-08-13,REPORTED,1950-10-26,STATE AGENCY,V,,,,,,,,1,1,,1987-02-01,2026-03-01,365,,,,,,,,,,,,,,,,,,,,,,,,,,,,,,,3.2333,0,3.2333,19400,495,148,856,149,479,148,2.97,148,,,,,,,,,,46019.21,65257,35143,745634,1856.9,0.2761,276.115,6.0591,3.263,260,58,2169,223.08,,4482.76,0,317,5776,0,,1260,0,1260,19855,,,,,,,,,,2119,0,2119,37260,12.714,,,,,,,,,,4490,536,25538,119.3764,5080,922,25538,3389,0,3389,58786,20.334,8282.83,7505,7032,140613,49.697,2026-05-13,36022.68,130,false,0,0,1.03,184,0,2025-02-01,2037-02-01,0.5,879.68,72928.65,130,false,0,0,1,463.67,0,1999-06-01,2037-02-01,0.01,7671.65,41112.55,130,2,243.76,0,2037-02-01,0.01,5969.56,76435.17,130,2,465.87,0,2037-02-01,0.01,11178.17,,,,,,,53851.745,,,,,,,,,,false,false,false,false,true,,US,BIG HORN,,MT,29,09S,23E,NESENE,,,,,(N/A),P-515,,,,MULTIPLE,MULTIPLE,,,2500905084,45.024608,-108.925968,45.024608,-108.925968
2500905062,250090506200,25009050620000,NWMD2 (MADISON) 14,14,NWMD2 (MADISON),CONTANGO RESOURCES COMPANY,CRESCENT ENERGY COMPANY,"CONTANGO RESOURCES, INC.",CRGY,"ELK BASIN, NORTHWEST",CARBON (MT),BIG HORN,,,,,MADISON,MADISON,MULTIPLE,4330,KB EST,4317,6646,6646,REPORTED,OIL,ACTIVE,3,"105685168,105699974,105699975",MULTIPLE,MULTIPLE,1965-01-09,REPORTED,1965-03-12,STATE AGENCY,V,6156,6179,23,GROSS PERF INTERVAL,,,,1,1,,1982-11-01,2026-03-01,352,,,,,,,,,,,,,,,,,,,,,,,,,,,,,,,3.3871,,3.3871,20322.58,3875,73,2502,362,3875,73,23.25,73,168.48,108.78,168.48,,,,,,,74694.74,91727,59407,1.519513e+06,1544.04,0.4482,448.169,9.0461,5.8587,10,44,2711,4400,,227.27,,250,6131,,,1081,,1081,26508,47,,47,,,,,,,2026,,2026,49665,12.156,88.09,,88.09,,,,,,,236,412,32697,1745.7627,12,747,33533,3503,,3503,87771,21.018,4474,0,4474,87771,26.844,2026-05-13,64632.46,79,false,0,0,2,1158,0,1993-03-01,2032-11-01,0.16,5225.46,91787.86,79,false,0,0,0.1,479,0,2021-07-01,2032-11-01,0.11,60.86,62781.27,79,2,437.5,0,2032-11-01,0.01,3374.27,94417.13,79,1.85,210.7,0,2032-11-01,0.02,2690.12,2729.62,4105.09,,,,,78517.458333,3413.8,,,,,,,,,false,false,false,false,true,,US,BIG HORN,,MT,28,09S,23E,S2NWSW,,,,,(N/A),P-515,,,,MULTIPLE,MULTIPLE,,,2500905062,45.019177,-108.92213,45.019177,-108.92213
2500905057,250090505700,25009050570000,EBET2 205,205,EBET2,CONTANGO RESOURCES COMPANY,CRESCENT ENERGY COMPANY,"CONTANGO RESOURCES, INC.",CRGY,ELK BASIN,CARBON (MT),BIG HORN,,,,,"EMBAR, TENSLEEP","EMBAR, TENSLEEP",MULTIPLE,4622,KB EST,4609,5749,5749,REPORTED,OIL,ACTIVE,2,"105681685,105697104",MULTIPLE,MULTIPLE,1964-12-08,REPORTED,1965-02-24,STATE AGENCY,V,5570,5740,170,GROSS PERF INTERVAL,,,,1,1,,1973-01-01,2026-03-01,637,,,,,,,,,,,,,,,,,,,,,,,,,,,,,,,3141.5475,3634.3571,2535.8214,1.8849285714e+07,101017.5,1,153854,5,81858,1,606.105,1,594.22,905.02,481.52,,,,,,,7.13282519e+06,9.130465e+06,5.611081e+06,3.69789e+06,1627.22,42.797,42796.951,475.248,292.0613,0,278,27,,,0,114957,81858,25736,1433.21,697.7359,567853,745308,443635,137674,3340.31,4384.16,2609.62,,,,,,,1.11636967e+06,1.506052e+06,865361,236035,6698.218,6566.88,8859.13,5090.36,,,,,,,125390,3463,433,27.6178,76892,2129,619,2.06642583e+06,2.984957e+06,1.568933e+06,462288,12398.555,3.9522095e+06,5.281407e+06,3.071975e+06,1.224021e+06,23713.257,2026-05-13,5.64719e+06,361,false,0,0,2,500,0,2020-05-01,2056-05-01,0.02,36109.16,1.0177033e+07,361,false,0,0,2,9557.33,0,2024-03-01,2056-05-01,0.01,1.046568e+06,5.6168125e+06,361,0.1,80152.63,0,2056-05-01,0.02,5731.67,9.133798e+06,361,0.1,148511.84,0,2056-05-01,0.02,3332.55,33040.07,53728.22,,,,,7.139112166666e+06,41994.78,,,,,,,,,false,false,false,false,true,,US,BIG HORN,,MT,26,09S,23E,SWSWSW,,,,,(N/A),P-515,,,,MULTIPLE,MULTIPLE,,,2500905057,45.015813,-108.881677,45.015813,-108.881677
2500905055,250090505500,25009050550000,EBET2 208,208,EBET2,CONTANGO RESOURCES COMPANY,CRESCENT ENERGY COMPANY,"CONTANGO RESOURCES, INC.",CRGY,ELK BASIN,CARBON (MT),BIG HORN,,,,,"EMBAR, TENSLEEP","EMBAR, TENSLEEP",MULTIPLE,4507,KB,4495,5983,5983,REPORTED,OIL,ACTIVE,2,"105681686,105723817",MULTIPLE,MULTIPLE,1965-02-06,REPORTED,1965-04-26,STATE AGENCY,V,5846,5944,98,GROSS PERF INTERVAL,,,,1,1,,1983-09-01,2026-03-01,511,,,,,,,,,,,,,,,,,,,,,,,,,,,,,,,89.05,72.3,77,534300,6197,43,13419,468,5245,43,37.182,43,63.23,136.93,53.52,,,,,,,897254.8,1.115987e+06,711257,38419,1569.03,5.3835,5383.529,72.4996,46.2065,0,212,373,,,0,1968,2359,75,938.96,1065.0069,21036.33,14690,18588,149,214.66,149.9,189.67,,,,,,,37620.5,26463,33210,204,225.723,383.88,270.03,338.88,,,,,,,0,2944,2745,,0,4422,3493,67778,54738,58655,782,406.668,199660.67,167062,171817,782,1197.964,2026-05-13,723362.5,89,false,0,0,0.31,2002.43,0,2018-09-01,2033-09-01,0.03,12105.52,1.157312e+06,89,false,0,0,0.1,6100.21,0,2018-09-01,2033-09-01,0.02,41324.95,725342.5,89,2,3859.42,0,2033-09-01,0.01,14085.5,1.13744275e+06,89,1,4935,0,2033-09-01,0.01,21455.77,7401.45,11606.56,,,,,914916.291666,9335.88,,,,,,,,,false,false,false,false,true,,US,BIG HORN,,MT,28,09S,23E,SESESE,,,,,(N/A),P-515,,,,MULTIPLE,MULTIPLE,,,2500905055,45.015467,-108.905371,45.015467,-108.905371
2500905053,250090505300,25009050530000,EBET2 004,004,EBET2,CONTANGO RESOURCES COMPANY,CRESCENT ENERGY COMPANY,"CONTANGO RESOURCES, INC.",CRGY,ELK BASIN,CARBON (MT),BIG HORN,,,,,"EMBAR, TENSLEEP","EMBAR, TENSLEEP",MULTIPLE,4349,KB,4340,5603,5603,REPORTED,OIL,ACTIVE,2,"105681676,105697097",MULTIPLE,MULTIPLE,1944-12-04,REPORTED,1945-04-26,STATE AGENCY,V,,,,,,,,1,1,,1983-09-01,2026-03-01,505,,,,,,,,,,,,,,,,,,,,,,,,,,,,,,,36.3171,70.2258,24.6129,217903.225,4120.67,473,20758,473,2044,49,24.724,473,,,,,,,,,,491932.65,762004,364932,50916,2088.07,2.9516,2951.596,49.7912,23.8455,0,541,93,,,0,2021,797,27,2853.21,350.4823,5167.33,11354,3275,155,,,,,,,,,,7606.33,17528,4685,236,45.638,,,,,,,,,,0,6432,629,,0,5651,700,18147.33,28058,13471,464,108.884,68642.5,77283,55762,37313,411.855,2026-05-13,373404.84,89,false,0,0,1.99,1728.29,0,1985-05-01,2033-09-01,0.01,8472.84,774816.06,89,false,0,0,1.58,10379,0,1993-08-01,2033-09-01,0.25,12812.07,373404.84,89,1.99,1728.29,0,2033-09-01,0.01,8472.84,771216.31,89,2,1985.44,0,2033-09-01,0.01,9212.34,,,,,,,501940.891666,,,,,,,,,,false,false,false,false,true,,US,BIG HORN,,MT,34,09S,23E,NENWNW,,,,,(N/A),P-515,,,,MULTIPLE,MULTIPLE,,,2500905053,45.01375,-108.900375,45.01375,-108.900375
2500905050,250090505000,25009050500000,EBET2 008,008,EBET2,CONTANGO RESOURCES COMPANY,CRESCENT ENERGY COMPANY,"CONTANGO RESOURCES, INC.",CRGY,ELK BASIN,CARBON (MT),BIG HORN,,,,,"EMBAR, TENSLEEP","EMBAR, TENSLEEP",MULTIPLE,4584,KB,4573,5618,5618,REPORTED,OIL,ACTIVE,2,"105681677,105697098",MULTIPLE,MULTIPLE,1944-12-09,REPORTED,1945-06-03,STATE AGENCY,V,,,,,,,,1,1,,1983-09-01,2026-03-01,510,,,,,,,,,,,,,,,,,,,,,,,,,,,,,,,38.7203,16.5161,35.9677,232322.58,4023.67,511,23482,511,2795,25,24.142,511,,,,,,,,,,413546.8,722129,293192,257626,2462.99,2.4813,2481.281,47.3683,19.232,23482,110,114,4.68,,213472.73,517,1245,7058,459.19,2177.7344,6306.83,1451,6065,38845,,,,,,,,,,11662.33,3398,11096,75930,69.974,,,,,,,,,,77599,1324,1337,17.0621,75796,3410,1767,30943.33,3398,30377,183860,185.66,111296.83,68897,99814,184434,667.781,2026-05-13,294538.94,89,false,0,0,0.1,696.67,0,2023-05-01,2033-09-01,0.07,1346.94,861264.94,89,false,0,0,0.51,14005.75,0,2023-03-01,2033-09-01,0.06,139135.91,299063.34,89,1.74,2579.92,0,2033-09-01,0.04,5871.36,732293.88,89,1.85,3354.01,0,2033-09-01,0.06,10164.87,,,,,,,421112.32,,,,,,,,,,false,false,false,false,true,,US,BIG HORN,,MT,35,09S,23E,NENWNW,,,,,(N/A),P-515,,,,MULTIPLE,MULTIPLE,,,2500905050,45.013816,-108.880516,45.013816,-108.880516
2500905048,250090504800,25009050480000,EBM2 021,021,EBM2,CONTANGO RESOURCES COMPANY,CRESCENT ENERGY COMPANY,"CONTANGO RESOURCES, INC.",CRGY,ELK BASIN,CARBON (MT),BIG HORN,,,,,MADISON,MADISON,MADISON,4659,KB EST,4646,5706,5706,REPORTED,OIL,ACTIVE,1,105681713,COM,597,1944-06-15,REPORTED,1966-03-29,STATE AGENCY,V,5411,5571,160,GROSS PERF INTERVAL,,,,1,1,,1986-01-01,2026-03-01,389,,,,,,,,,,,,,,,,,,,,,,,,,,,,,,,12.7382,1.6429,12.4643,76428.571,1508.67,241,1364,341,1430,241,9.052,241,9.43,8.53,8.94,,,,,,,197871.66,74956,185379,1.981533e+06,404.34,1.1872,1187.23,6.4384,15.9233,0,249,6760,,,0,48,390,2436,131.81,7586.9565,3134.5,561,3041,16783,19.59,3.51,19.01,,,,,,,3991.83,779,3862,30153,23.951,24.95,4.87,24.14,,,,,,,867,2848,81417,3284.8904,2403,2103,72273,9356.17,2677,8910,67347,56.137,32222,10224,30518,204826,193.332,2026-05-13,205623.77,117,false,0,0,0.95,715,0,2012-10-01,2036-01-01,0.01,20244.77,80687.55,117,false,0,0,1.9,419,0,2024-12-01,2036-01-01,0.5,5731.55,191207.25,117,1.99,1108.82,0,2036-01-01,0.01,5828.26,77550.95,117,1.31,454,0,2036-01-01,0.01,2594.94,1195.05,484.69,,,,,204132.408333,1275.83,,,,,,,,,false,false,false,false,true,,US,BIG HORN,,MT,35,09S,23E,N2NWSE,,,,,(N/A),P-515,,,,,,,,2500905048,45.006266,-108.871078,45.006266,-108.871078
2500905047,250090504700,25009050470000,EMB2 006,006,EMB2,CONTANGO RESOURCES COMPANY,CRESCENT ENERGY COMPANY,"CONTANGO RESOURCES, INC.",CRGY,ELK BASIN,CARBON (MT),BIG HORN,,,,,MADISON,MADISON,MADISON,4437,KB,4431,5630,5630,REPORTED,OIL,ACTIVE,1,105681820,COM,597,1944-07-28,REPORTED,1966-12-09,STATE AGENCY,V,5170,5390,220,GROSS PERF INTERVAL,,,,1,1,,1983-09-01,2026-03-01,504,,,,,,,,,,,,,,,,,,,,,,,,,,,,,,,28.6397,0.7419,28.5161,171838.709,2288.67,95,1192,95,2090,95,13.732,95,10.4,5.42,9.5,,,,,,,290838.31,92906,275354,2.147569e+06,337.41,1.745,1745.03,6.1715,18.2911,0,167,10639,,,0,27,1028,938,26.02,38434.7826,5521.33,50,5513,5285,25.1,0.23,25.06,,,,,,,12493.17,175,12464,11905,74.959,56.79,0.8,56.65,,,,,,,0,1832,113677,,0,1220,44196,26628.5,1275,26416,29628,159.771,44997.83,5405,44097,82928,269.987,2026-05-13,282950.81,89,false,0,0,1.92,1262.71,0,1991-07-01,2033-09-01,0.01,7596.81,97553.38,89,false,0,0,2,860.89,0,2014-05-01,2033-09-01,0.5,4647.38,281009.94,89,1.92,1537.04,0,2033-09-01,0.01,5655.92,94796.16,89,1.99,487.4,0,2033-09-01,0.01,1890.16,1277.32,430.89,,,,,296809.3,1349.13,,,,,,,,,false,false,false,false,true,,US,BIG HORN,,MT,34,09S,23E,NENWNE,,,,,(N/A),P-515,,,,,,,,2500905047,45.013507,-108.890186,45.013507,-108.890186
2500905046,250090504600,25009050460000,EBM2 030,030,EBM2,CONTANGO RESOURCES COMPANY,CRESCENT ENERGY COMPANY,"CONTANGO RESOURCES, INC.",CRGY,ELK BASIN,CARBON (MT),BIG HORN,,,,,MADISON,MADISON,MADISON,4800,KB,4797.26,6232,6232,REPORTED,OIL,ACTIVE,1,105681718,COM,597,1944-05-10,REPORTED,1959-08-15,STATE AGENCY,V,4579,6183,1604,GROSS PERF INTERVAL,,,,1,1,,1983-09-01,2026-03-01,511,,,,,,,,,,,,,,,,,,,,,,,,,,,,,,,54.9623,26.0968,50.6129,329774.193,3286.5,75,4140,9,3112,75,19.719,75,2.05,2.58,1.94,,,,,,,533141.93,185849,502167,1.369865e+06,370.09,3.1989,3198.851,12.0893,32.6655,0,403,4897,,,0,718,1671,1515,515.62,1939.4314,7962.5,1527,7708,7650,4.96,0.95,4.81,,,,,,,16489.5,6201,15456,18339,98.937,10.28,3.87,9.64,,,,,,,0,5223,60075,,0,5277,56683,34952.17,11143,33095,41563,209.713,82942.17,29299,78059,96700,497.653,2026-05-13,511957.28,89,false,0,0,1.98,2181,0,1987-02-01,2033-09-01,0.01,9790.27,194877.66,89,false,0,0,2,1027,0,2014-05-01,2033-09-01,0.19,9028.66,513492.53,89,1.99,3181.44,0,2033-09-01,0.01,11325.53,189874.72,89,1.98,2070,0,2033-09-01,0.06,4025.72,320.13,118.38,,,,,545138.316666,339.86,,,,,,,,,false,false,false,false,true,,US,BIG HORN,,MT,35,09S,23E,NWSESE,,,,,(N/A),P-515,,,,,,,,2500905046,45.002649,-108.866061,45.002649,-108.866061
2500905039,250090503900,25009050390000,EBM 10,10,EBM,CONTANGO RESOURCES COMPANY,CRESCENT ENERGY COMPANY,"CONTANGO RESOURCES, INC.",CRGY,ELK BASIN,CARBON (MT),BIG HORN,,,,,MADISON,MADISON,MADISON,4511,KB,4506,5829,5829,REPORTED,OIL,ACTIVE,1,105681706,COM,597,1944-08-15,REPORTED,1966-11-30,STATE AGENCY,V,5356,5558,202,GROSS PERF INTERVAL,,,,1,1,,1983-09-01,2026-03-01,215,,,,,,,,,,,,,,,,,,,,,,,,,,,,,,,22.0268,14.871,19.5484,132161.29,1001.83,19,1019,369,964,9,6.011,19,4.96,5.04,4.77,,,,,,,100183.01,32112,94831,2.625075e+06,338.62,0.6011,601.098,4.9832,14.7162,0,159,1927,,,0,282,634,41953,760.73,1314.5336,3954.83,743,3831,242863,19.58,3.68,18.97,,,,,,,8438.67,934,8283,510169,50.632,41.78,4.62,41,,,,,,,0,2217,22272,,0,2209,21386,18753.67,2524,18333,1.112215e+06,112.522,30680.5,5553,29755,2.311972e+06,184.083,2026-05-13,113803.03,89,false,0,0,2,911.15,0,1984-05-01,2033-09-01,0.01,18972.03,38828.41,89,false,0,0,1.06,643,0,2014-05-01,2033-09-01,0.04,6716.4,113803.03,89,2,911.15,0,2033-09-01,0.01,18972.03,40198.37,89,2,321.5,0,2033-09-01,0.01,8086.37,563.38,199,,,,,120502.758333,596.55,,,,,,,,,false,false,false,false,true,,US,BIG HORN,,MT,34,09S,23E,NESWNE,,,,,(N/A),P-515,,,,,,,,2500905039,45.010161,-108.890184,45.010161,-108.890184
2500905038,250090503800,25009050380000,EBM2 011,011,EBM2,CONTANGO RESOURCES COMPANY,CRESCENT ENERGY COMPANY,"CONTANGO RESOURCES, INC.",CRGY,ELK BASIN,CARBON (MT),BIG HORN,,,,,MADISON,MADISON,MADISON,4510,KB EST,4497,5480,5480,REPORTED,OIL,ACTIVE,1,105681707,COM,597,1944-02-17,REPORTED,1966-04-12,STATE AGENCY,V,5036,5221,185,GROSS PERF INTERVAL,,,,1,1,,1983-09-01,2026-03-01,511,,,,,,,,,,,,,,,,,,,,,,,,,,,,,,,89.9087,26.5484,85.4839,539451.612,5868.5,42,2739,63,5413,42,35.211,42,31.72,14.81,29.26,,,,,,,907338.01,298338,857615,2.868839e+06,347.87,5.444,5444.028,19.3312,55.5702,0,898,8207,,,0,720,2680,1072,310.57,3219.9271,16696.17,1543,16439,3989,90.25,8.34,88.86,,,,,,,35466.5,2025,35129,8583,212.799,191.71,10.95,189.89,,,,,,,0,9849,99877,,0,9035,98542,80187.67,14236,77815,20894,481.126,202411,49656,194135,66849,1214.466,2026-05-13,875868.38,89,false,0,0,1.99,4059.75,0,1987-02-01,2033-09-01,0.01,18253.38,317960.81,89,false,0,0,2,1433,0,2014-05-01,2033-09-01,0.07,19622.82,875012.06,89,1.98,4418.38,0,2033-09-01,0.01,17397.06,304215.66,89,1.99,1507.01,0,2033-09-01,0.01,5877.64,4729.79,1644.41,,,,,925714.67,5003.86,,,,,,,,,false,false,false,false,true,,US,BIG HORN,,MT,34,09S,23E,NESENE,,,,,(N/A),P-515,,,,,,,,2500905038,45.010177,-108.885078,45.010177,-108.885078
2500905036,250090503600,25009050360000,EBET2 203,203,EBET2,CONTANGO RESOURCES COMPANY,CRESCENT ENERGY COMPANY,"CONTANGO RESOURCES, INC.",CRGY,ELK BASIN,CARBON (MT),BIG HORN,,,,,"EMBAR, TENSLEEP","EMBAR, TENSLEEP",MULTIPLE,4420,KB,4408,5925,5925,REPORTED,OIL,ACTIVE,2,"105681684,105697103",MULTIPLE,MULTIPLE,1964-08-06,REPORTED,1964-09-08,STATE AGENCY,V,,,,,,,,1,1,,1983-09-01,2026-03-01,508,,,,,,,,,,,,,,,,,,,,,,,,,,,,,,,90.9355,77.8065,77.9677,545612.903,9057.83,38,7997,38,7725,38,54.347,38,,,,,,,,,,781060,813816,645424,80531,1260.9,4.6864,4686.36,53.407,42.3562,0,345,165,,,0,2350,2649,223,997.93,1002.073,18947,13686,16666,1339,,,,,,,,,,41957,28152,37265,2255,251.742,,,,,,,,,,0,3902,2347,,0,3036,1537,82856.83,49715,74571,10277,497.141,258592,199944,225268,11500,1551.552,2026-05-13,652437.31,89,false,0,0,0.13,5530.23,0,1985-01-01,2033-09-01,0.01,7013.33,829832.19,89,false,0,0,1.72,4237.76,0,1985-01-01,2033-09-01,0.01,16016.21,652437.31,89,0.13,5530.23,0,2033-09-01,0.01,7013.33,829832.19,89,1.72,4237.76,0,2033-09-01,0.01,16016.21,,,,,,,790742.675,,,,,,,,,,false,false,false,false,true,,US,BIG HORN,,MT,34,09S,23E,NESWNW,,,,,(N/A),P-515,,,,MULTIPLE,MULTIPLE,,,2500905036,45.009441,-108.901288,45.009441,-108.901288
2500905026,250090502600,25009050260000,EBET2 16,16,EBET2,CONTANGO RESOURCES COMPANY,CRESCENT ENERGY COMPANY,"CONTANGO RESOURCES, INC.",CRGY,ELK BASIN,CARBON (MT),BIG HORN,,,,,"EMBAR, TENSLEEP","EMBAR, TENSLEEP",MULTIPLE,4597,KB,4586,5833,5833,REPORTED,OIL,ACTIVE,2,"105681680,105723816",MULTIPLE,MULTIPLE,1944-11-05,REPORTED,1945-03-01,STATE AGENCY,V,,,,,,,,1,1,,1983-09-01,2026-03-01,511,,,,,,,,,,,,,,,,,,,,,,,,,,,,,,,117.8442,67,106.6774,707064.516,4646,7,5306,454,4339,7,27.876,7,,,,,,,,,,799487.29,992288,634106,18659,1564.86,4.7969,4796.924,64.3716,41.1356,0,685,95,,,0,2186,3737,84,628.06,1592.2003,23016.33,11828,21045,237,,,,,,,,,,46206.33,25304,41989,400,277.238,,,,,,,,,,0,8088,240,,0,7475,672,87037.67,39394,80472,400,522.226,217096.83,144353,193038,499,1302.581,2026-05-13,644171.69,89,false,0,0,0.94,4333.9,0,1984-03-01,2033-09-01,0.02,10065.67,1.07186363e+06,89,false,0,0,1.99,4354.72,0,2007-08-01,2033-09-01,0.01,79575.63,644171.69,89,0.94,4333.9,0,2033-09-01,0.02,10065.67,1.00487644e+06,89,1.99,3378.2,0,2033-09-01,0.01,12588.44,,,,,,,811651.096666,,,,,,,,,,false,false,false,false,true,,US,BIG HORN,,MT,34,09S,23E,NENESW,,,,,(N/A),P-515,,,,MULTIPLE,MULTIPLE,,,2500905026,45.006707,-108.895246,45.006707,-108.895246
2500905025,250090502500,25009050250000,EBM2 019,019,EBM2,CONTANGO RESOURCES COMPANY,CRESCENT ENERGY COMPANY,"CONTANGO RESOURCES, INC.",CRGY,ELK BASIN,CARBON (MT),BIG HORN,,,,,MADISON,MADISON,MADISON,4543,KB,4530,5692,5692,REPORTED,OIL,ACTIVE,1,105681711,COM,597,1943-11-27,REPORTED,1961-03-20,STATE AGENCY,V,,,,,,,,1,1,,1973-01-01,2026-03-01,637,,,,,,,,,,,,,,,,,,,,,,,,,,,,,,,1455.9582,521.9643,1368.9643,8.73575e+06,68143,55,145656,55,57168,28,408.858,55,,,,,,,,,,6.29434596e+06,2.335728e+06,5.905058e+06,3.4430369e+07,395.55,37.7661,37766.076,121.7667,307.8437,76,290,9903,3815.79,,262.07,16060,42760,37283,381.28,2622.7164,259488.33,94796,243689,218398,,,,,,,,,,525203.17,213907,489552,463074,3151.219,,,,,,,,,,1295,4189,117074,3234.749,1332,4279,114569,1.13678217e+06,441865,1.063138e+06,1.435987e+06,6820.693,2.95136183e+06,1.095533e+06,2.768773e+06,6.397231e+06,17708.171,2026-05-13,5.915748e+06,361,false,0,0,0.1,68056.13,0,1974-05-01,2056-05-01,0.02,10689.84,2.34810775e+06,361,false,0,0,1.04,72828,0,1977-07-01,2056-05-01,0.5,12379.7,5.915748e+06,361,0.1,68056.13,0,2056-05-01,0.02,10689.84,2.34146e+06,361,0.14,20126.7,0,2056-05-01,0.02,5731.96,,,,,,,6.305991333333e+06,,,,,,,,,,false,false,false,false,true,,US,BIG HORN,,MT,35,09S,23E,NENWSW,,,,,(N/A),P-515,,,,,,,,2500905025,45.006252,-108.879967,45.006252,-108.879967
2500905023,250090502300,25009050230000,EBM2 018,018,EBM2,CONTANGO RESOURCES COMPANY,CRESCENT ENERGY COMPANY,"CONTANGO RESOURCES, INC.",CRGY,ELK BASIN,CARBON (MT),BIG HORN,,,,,MADISON,MADISON,MADISON,4622,KB,4617,5760,5760,REPORTED,OIL,ACTIVE,1,105681710,COM,597,1943-03-27,REPORTED,1943-07-31,STATE AGENCY,V,,,,,,,,1,1,,1983-09-01,2026-03-01,509,,,,,,,,,,,,,,,,,,,,,,,,,,,,,,,12.5539,1.1935,12.3548,75322.58,2693.17,134,5444,4,2549,134,16.159,134,,,,,,,,,,366986.08,156673,340874,2.463845e+06,459.62,2.2019,2201.917,10.2154,22.2256,26,220,2423,8461.54,,118.18,45,447,447,96.61,10351.3514,9789.5,15891,7141,41220,,,,,,,,,,20985.33,28886,16171,96607,125.912,,,,,,,,,,2120,3371,29302,1590.0943,2668,3710,28744,25119.67,29626,20182,114836,150.718,33175.67,31228,27971,171275,199.054,2026-05-13,356794.41,89,false,0,0,2,1965,0,2013-06-01,2033-09-01,0.2,15920.42,163234.03,89,false,0,0,1.94,1185,0,2014-05-01,2033-09-01,0.5,6561.03,349225.09,89,1.99,2215.68,0,2033-09-01,0.01,8351.1,159778.59,89,1.99,4687.89,0,2033-09-01,0.5,3105.59,,,,,,,375854.855,,,,,,,,,,false,false,false,false,true,,US,BIG HORN,,MT,34,09S,23E,NWNESE,,,,,(N/A),P-515,,,,,,,,2500905023,45.006242,-108.886511,45.006242,-108.886511
2500905021,250090502100,25009050210000,EBM2 020,020,EBM2,CONTANGO RESOURCES COMPANY,CRESCENT ENERGY COMPANY,"CONTANGO RESOURCES, INC.",CRGY,ELK BASIN,CARBON (MT),BIG HORN,,,,,MADISON,MADISON,MADISON,4576,KB EST,4563,5599,5599,REPORTED,OIL,ACTIVE,1,105681712,COM,597,1943-07-02,REPORTED,1958-11-22,STATE AGENCY,V,4310,5494,1184,GROSS PERF INTERVAL,,,,1,1,,1983-09-01,2026-03-01,507,,,,,,,,,,,,,,,,,,,,,,,,,,,,,,,30.0106,13.8065,27.7097,180064.516,3740.33,161,2899,493,3566,161,22.442,161,3.16,2.45,3.01,,,,,,,836329.7,387496,771747,2.7429454e+07,502.1,5.018,5017.978,25.3613,50.5103,1948,834,59873,428.13,,2335.73,532,960,201,498.25,2007.0093,4167,960,4007,285,3.52,0.81,3.38,,,,,,,10553.67,2284,10173,726,63.322,8.91,1.93,8.59,,,,,,,24910,9873,642853,396.3468,25273,9588,620157,27573.5,12363,25513,3601,165.441,62223.5,26007,57889,1.634986e+06,373.341,2026-05-13,779438.69,89,false,0,0,1.99,1895,0,1985-08-01,2033-09-01,0.01,7691.67,517098.34,89,false,0,0,2,2416.42,0,2023-08-01,2033-09-01,0.01,129602.34,783026.88,89,1.99,2942,0,2033-09-01,0.01,11279.87,393743.22,89,1.99,1574.62,0,2033-09-01,0.01,6247.21,661.34,332.55,,,,,848650.75,716.77,,,,,,,,,false,false,false,false,true,,US,BIG HORN,,MT,35,09S,23E,NENESW,,,,,(N/A),P-515,,,,,,,,2500905021,45.006256,-108.876215,45.006256,-108.876215
2500905016,250090501600,25009050160000,EBM2 027,027,EBM2,CONTANGO RESOURCES COMPANY,CRESCENT ENERGY COMPANY,"CONTANGO RESOURCES, INC.",CRGY,ELK BASIN,CARBON (MT),BIG HORN,,,,,MADISON,MADISON,MADISON,4488,KB,4474,5755,5755,REPORTED,OIL,ACTIVE,1,105681715,COM,597,1943-10-04,REPORTED,1944-01-08,STATE AGENCY,V,5218,5542,324,GROSS PERF INTERVAL,,,,1,1,,1994-10-01,2026-03-01,378,,,,,,,,,,,,,,,,,,,,,,,,,,,,,,,2.2167,7.9,0.9,13300,1752.83,33,688,4,1656,33,10.517,33,5.41,2.12,5.11,,,,,,,174518.71,64768,163724,311462,395.59,1.0471,1047.112,5.6586,14.304,329,133,1471,404.26,,2473.68,193,23,0,8777.78,113.9241,6561.5,2781,6098,391,20.25,8.58,18.82,,,,,,,14518.83,4829,13714,15493,87.113,44.81,14.9,42.33,,,,,,,1372,1605,17322,1169.8251,1332,1574,17322,31023.17,10351,29298,16142,186.139,72328.17,22471,68583,22203,433.969,2026-05-13,170481.56,222,false,0,0,0.11,1500.29,0,1995-03-01,2044-10-01,0.01,6757.57,72520.97,222,false,0,0,2,215,0,2023-08-01,2044-10-01,0.13,7752.97,170481.56,222,0.11,1500.29,0,2044-10-01,0.01,6757.57,68596.61,222,0.22,494.28,0,2044-10-01,0.01,3828.61,526.18,211.72,,,,,181914.328333,561.46,,,,,,,,,false,false,false,false,true,,US,BIG HORN,,MT,35,09S,23E,NESWSW,,,,,(N/A),P-515,,,,,,,,2500905016,45.002631,-108.879957,45.002631,-108.879957
2500905015,250090501500,25009050150000,EBM2 028,028,EBM2,CONTANGO RESOURCES COMPANY,CRESCENT ENERGY COMPANY,"CONTANGO RESOURCES, INC.",CRGY,ELK BASIN,CARBON (MT),BIG HORN,,,,,MADISON,MADISON,MADISON,4503,KB EST,4490,5443,5443,REPORTED,OIL,ACTIVE,1,105681716,COM,597,1943-10-04,REPORTED,1967-05-12,STATE AGENCY,V,4116,5405,1289,GROSS PERF INTERVAL,,,,1,1,,1983-09-01,2026-03-01,508,,,,,,,,,,,,,,,,,,,,,,,,,,,,,,,160.7797,67.9677,149.4516,964677.419,10682.67,53,5232,63,10227,53,64.096,53,8.29,4.06,7.93,,,,,,,706868.75,254963,664375,4.92333e+06,383.76,4.2412,4241.213,16.8204,43.83,0,258,15478,,,0,1972,4356,,454.78,2198.8609,26579.17,7573,25317,0,20.62,5.88,19.64,,,,,,,53702.5,8871,52224,376,322.215,41.66,6.88,40.52,,,,,,,3942,2881,150077,730.8473,5987,3285,173629,84526,22860,80716,3308,507.156,246696.67,77968,233702,16896,1480.18,2026-05-13,676889.38,89,false,0,0,0.79,4142.46,0,1984-03-01,2033-09-01,0.01,12514.36,286421.63,89,false,0,0,2,557.33,0,2024-10-01,2033-09-01,0.01,31458.63,676889.38,89,0.79,4142.46,0,2033-09-01,0.01,12514.36,260754.83,89,2,1747,0,2033-09-01,0.03,5791.82,525.13,202.29,,,,,720348.518333,558.84,,,,,,,,,false,false,false,false,true,,US,BIG HORN,,MT,35,09S,23E,NESESW,,,,,(N/A),P-515,,,,,,,,2500905015,45.002637,-108.874851,45.002637,-108.874851
2500905013,250090501300,25009050130000,EBM2 029,029,EBM2,CONTANGO RESOURCES COMPANY,CRESCENT ENERGY COMPANY,"CONTANGO RESOURCES, INC.",CRGY,ELK BASIN,CARBON (MT),BIG HORN,,,,,MADISON,MADISON,MADISON,4549,KB EST,4536,5388,5388,REPORTED,OIL,ACTIVE,1,105681717,COM,597,1944-04-09,REPORTED,1948-06-12,STATE AGENCY,V,4368,4498,130,GROSS PERF INTERVAL,,,,1,1,,1983-09-01,2026-03-01,455,,,,,,,,,,,,,,,,,,,,,,,,,,,,,,,40.7152,22.2903,37,244290.322,2079.17,131,2967,13,1947,131,12.475,131,15.99,22.82,14.98,,,,,,,387017.87,149945,362027,1.01792e+07,414.18,2.3221,2322.107,10.879,26.2662,0,154,27356,,,0,658,1073,5049,602.44,1659.9132,5725.83,1349,5501,28622,44.04,10.38,42.32,,,,,,,11286.83,1349,11062,63109,67.721,86.82,10.38,85.09,,,,,,,0,1857,322097,,0,1885,317303,22636.83,18767,19509,118885,135.821,40640.17,28711,35855,482763,243.841,2026-05-13,370241,89,false,0,0,1.99,2294,0,1983-10-01,2033-09-01,0.01,8213.99,154183.23,89,false,0,0,1.97,1607.13,0,1984-09-01,2033-09-01,0.05,4238.23,370241,89,1.99,2294,0,2033-09-01,0.01,8213.99,154183.23,89,1.97,1607.13,0,2033-09-01,0.05,4238.23,2848.01,1186.02,,,,,395938.205,3045.68,,,,,,,,,false,false,false,false,true,,US,BIG HORN,,MT,35,09S,23E,N2SWSE,,,,,(N/A),P-515,,,,,,,,2500905013,45.002642,-108.871175,45.002642,-108.871175
2500905004,250090500400,25009050040000,EBET2 159,159,EBET2,CONTANGO RESOURCES COMPANY,CRESCENT ENERGY COMPANY,"CONTANGO RESOURCES, INC.",CRGY,ELK BASIN,CARBON (MT),BIG HORN,,,,,"EMBAR, TENSLEEP","EMBAR, TENSLEEP",MULTIPLE,4458,KB,4444,5865,5865,REPORTED,OIL,ACTIVE,2,"105681679,105697099",MULTIPLE,MULTIPLE,1959-01-11,REPORTED,1959-03-28,STATE AGENCY,V,,,,,,,,1,1,,1983-09-01,2026-03-01,503,,,,,,,,,,,,,,,,,,,,,,,,,,,,,,,92.0913,70.2258,80.3871,552548.387,3914,73,11286,467,3399,7,23.484,73,,,,,,,,,,1.04262237e+06,1.391618e+06,810686,17602,1716.59,6.2557,6255.734,91.6926,53.4154,0,951,24,,,0,2121,2733,,873.6,1144.6945,18751,12126,16730,0,,,,,,,,,,36979.33,23132,33124,2135,221.876,,,,,,,,,,0,11199,1759,,0,11792,305,72046.17,37669,65768,2135,432.277,147965.67,101998,130966,5037,887.794,2026-05-13,832211.31,89,false,0,0,2,3630.79,0,1984-03-01,2033-09-01,0.01,21525.31,1.6317525e+06,89,false,0,0,2,6511.56,0,2017-12-01,2033-09-01,0.01,240134.5,832211.31,89,2,3630.79,0,2033-09-01,0.01,21525.31,1.41383088e+06,89,2,3737.47,0,2033-09-01,0.01,22212.9,,,,,,,1.06784979e+06,,,,,,,,,,false,false,false,false,true,,US,BIG HORN,,MT,34,09S,23E,SWSWSE,,,,,(N/A),P-515,,,,MULTIPLE,MULTIPLE,,,2500905004,45.001299,-108.893104,45.001299,-108.893104
